<?xml version="1.0" encoding="UTF-8"?>
<project-private xmlns="http://www.netbeans.org/ns/project-private/1">
    <editor-bookmarks xmlns="http://www.netbeans.org/ns/editor-bookmarks/2" lastBookmarkId="0"/>
    <open-files xmlns="http://www.netbeans.org/ns/projectui-open-files/2">
        <group>
            <file>file:/C:/Users/flame/Desktop/online-shopping-system-java-code/OnlineShoppingSystem/nbproject/build-impl.xml</file>
            <file>file:/C:/Users/flame/Desktop/online-shopping-system-java-code/OnlineShoppingSystem/web/WEB-INF/glassfish-web.xml</file>
            <file>file:/C:/Users/flame/Desktop/online-shopping-system-java-code/OnlineShoppingSystem/build.xml</file>
            <file>file:/C:/Users/flame/Desktop/online-shopping-system-java-code/OnlineShoppingSystem/src/conf/MANIFEST.MF</file>
        </group>
    </open-files>
</project-private>
